<?xml version="1.0" encoding="utf-8" ?><dwsync><file name="autoload.php" server="ftp.artmex.be//" local="3475228594" remote="-4611699587048747744" Dst="-1" /><file name="aws.php" server="ftp.artmex.be//" local="3475225011" remote="-4611699587048747744" Dst="-1" /><file name="cloudfiles.php" server="ftp.artmex.be//" local="3475225011" remote="-4611699587048747744" Dst="-1" /><file name="config.php" server="ftp.artmex.be//" local="3475225011" remote="-4611699587048747744" Dst="-1" /><file name="constants.php" server="ftp.artmex.be//" local="3475225011" remote="-4611699587048747744" Dst="-1" /><file name="database.php" server="ftp.artmex.be//" local="3475341678" remote="3475338060" Dst="-1" /><file name="doctypes.php" server="ftp.artmex.be//" local="3475225011" remote="-4611699587048747744" Dst="-1" /><file name="email.php" server="ftp.artmex.be//" local="3475225011" remote="-4611699587048747744" Dst="-1" /><file name="foreign_chars.php" server="ftp.artmex.be//" local="3475225012" remote="-4611699587048747744" Dst="-1" /><file name="hooks.php" server="ftp.artmex.be//" local="3475225012" remote="-4611699587048747744" Dst="-1" /><file name="index.html" server="ftp.artmex.be//" local="3475225012" remote="-4611699587048747744" Dst="-1" /><file name="migration.php" server="ftp.artmex.be//" local="3475225012" remote="-4611699587048747744" Dst="-1" /><file name="mimes.php" server="ftp.artmex.be//" local="3475225012" remote="-4611699587048747744" Dst="-1" /><file name="mongodb.php" server="ftp.artmex.be//" local="3475225012" remote="-4611699587048747744" Dst="-1" /><file name="pagination.php" server="ftp.artmex.be//" local="3475225012" remote="-4611699587048747744" Dst="-1" /><file name="profiler.php" server="ftp.artmex.be//" local="3475225012" remote="-4611699587048747744" Dst="-1" /><file name="rest.php" server="ftp.artmex.be//" local="3475225013" remote="-4611699587048747744" Dst="-1" /><file name="routes.php" server="ftp.artmex.be//" local="3475338275" remote="3475334640" Dst="-1" /><file name="smileys.php" server="ftp.artmex.be//" local="3475225013" remote="-4611699587048747744" Dst="-1" /><file name="upload.php" server="ftp.artmex.be//" local="3475225013" remote="-4611699587048747744" Dst="-1" /><file name="user_agents.php" server="ftp.artmex.be//" local="3475225013" remote="-4611699587048747744" Dst="-1" /><file name=".DS_Store" server="ftp.artmex.be//" local="3475230896" remote="7770262816" Dst="-1" /><file name="ion_auth.php" server="ftp.artmex.be//" local="3475225012" remote="-4611699587048747744" Dst="-1" /><file name="captcha.php" server="ftp.artmex.be//" local="3475225011" remote="-4611699587048747744" Dst="-1" /><file name="facebook.php" server="ftp.artmex.be//" local="3475340027" remote="3475336380" Dst="-1" /><file name="contact.php" server="ftp.artmex.be//" local="3475347289" remote="3475343640" Dst="-1" /></dwsync>