<?xml version="1.0" encoding="utf-8" ?><dwsync><file name="LICENSE" server="ftp.artmex.be//" local="3475225020" remote="-4611699587048747744" Dst="-1" /><file name="README" server="ftp.artmex.be//" local="3475225020" remote="-4611699587048747744" Dst="-1" /><file name="cacheapc.class.php" server="ftp.artmex.be//" local="3475225021" remote="7770262816" Dst="-1" /><file name="cachecore.class.php" server="ftp.artmex.be//" local="3475225021" remote="-4611699587048747744" Dst="-1" /><file name="cachemc.class.php" server="ftp.artmex.be//" local="3475225021" remote="-4611699587048747744" Dst="-1" /><file name="cachefile.class.php" server="ftp.artmex.be//" local="3475225021" remote="-4611699587048747744" Dst="-1" /><file name="cachepdo.class.php" server="ftp.artmex.be//" local="3475225021" remote="-4611699587048747744" Dst="-1" /><file name="cachexcache.class.php" server="ftp.artmex.be//" local="3475225021" remote="-4611699587048747744" Dst="-1" /><file name="icachecore.interface.php" server="ftp.artmex.be//" local="3475225021" remote="-4611699587048747744" Dst="-1" /></dwsync>