<?xml version="1.0" encoding="utf-8" ?><dwsync><file name="day.html" server="ftp.artmex.be//" local="3475225081" remote="7770262936" Dst="-1" /><file name="events-list.html" server="ftp.artmex.be//" local="3475225081" remote="7770262936" Dst="-1" /><file name="modal.html" server="ftp.artmex.be//" local="3475225082" remote="-4611699587048747624" Dst="-1" /><file name="month-day.html" server="ftp.artmex.be//" local="3475225082" remote="-4611699587048747624" Dst="-1" /><file name="month.html" server="ftp.artmex.be//" local="3475225082" remote="-4611699587048747624" Dst="-1" /><file name="week-days.html" server="ftp.artmex.be//" local="3475225082" remote="-4611699587048747624" Dst="-1" /><file name="week.html" server="ftp.artmex.be//" local="3475225083" remote="-4611699587048747624" Dst="-1" /><file name="year-month.html" server="ftp.artmex.be//" local="3475225083" remote="-4611699587048747624" Dst="-1" /><file name="year.html" server="ftp.artmex.be//" local="3475225083" remote="-4611699587048747624" Dst="-1" /></dwsync>