<?xml version="1.0" encoding="utf-8" ?><dwsync><file name="Aws.php" server="ftp.artmex.be//" local="3475225018" remote="7770262876" Dst="-1" /><file name="Cloudfiles.php" server="ftp.artmex.be//" local="3475225018" remote="-4611699587048747684" Dst="-1" /><file name="Curl.php" server="ftp.artmex.be//" local="3475225018" remote="-4611699587048747684" Dst="-1" /><file name="Format.php" server="ftp.artmex.be//" local="3475225019" remote="-4611699587048747684" Dst="-1" /><file name="REST_Controller.php" server="ftp.artmex.be//" local="3475225019" remote="7770262876" Dst="-1" /><file name="index.html" server="ftp.artmex.be//" local="3475225031" remote="-4611699587048747684" Dst="-1" /><file name=".DS_Store" server="ftp.artmex.be//" local="3475225018" remote="7770262816" Dst="-1" /><file name="facebook.php" server="ftp.artmex.be//" local="3475225031" remote="-4611699587048747684" Dst="-1" /><file name="base_facebook.php" server="ftp.artmex.be//" local="3475225031" remote="-4611699587048747684" Dst="-1" /><file name="Bcrypt.php" server="ftp.artmex.be//" local="3475225018" remote="-4611699587048747684" Dst="-1" /><file name="Ion_auth.php" server="ftp.artmex.be//" local="3475225019" remote="-4611699587048747684" Dst="-1" /><file name="siteload.php" server="ftp.artmex.be//" local="3473585863" remote="3473582220" Dst="-1" /><file name="Siteload.php" server="ftp.artmex.be//" local="3474006562" remote="3474002940" Dst="-1" /><file name="SiteLoad.php" server="ftp.artmex.be//" local="3475346869" remote="3475343220" Dst="-1" /><file name="Captcha.php" server="ftp.artmex.be//" local="3475225018" remote="-4611699587048747684" Dst="-1" /><file name="Fb.php" server="ftp.artmex.be//" local="3475231315" remote="7770262876" Dst="-1" /></dwsync>