<?xml version="1.0" encoding="utf-8" ?><dwsync><file name="bootstrap.js" server="ftp.artmex.be//" local="3475225052" remote="-4611699587048747684" Dst="-1" /><file name="bootstrap.min.js" server="ftp.artmex.be//" local="3475225052" remote="-4611699587048747684" Dst="-1" /><file name="custom.js" server="ftp.artmex.be//" local="3475225053" remote="-4611699587048747684" Dst="-1" /><file name="jquery.filterable.js" server="ftp.artmex.be//" local="3475225053" remote="-4611699587048747684" Dst="-1" /><file name="jquery.validate.bootstrap.popover.min.js" server="ftp.artmex.be//" local="3475225053" remote="-4611699587048747684" Dst="-1" /><file name=".DS_Store" server="ftp.artmex.be//" local="3475225051" remote="7770262876" Dst="-1" /><file name="app.js" server="ftp.artmex.be//" local="3475225052" remote="-4611699587048747684" Dst="-1" /><file name="calendar.js" server="ftp.artmex.be//" local="3475225053" remote="-4611699587048747684" Dst="-1" /><file name="jstz.js" server="ftp.artmex.be//" local="3475225053" remote="-4611699587048747684" Dst="-1" /><file name="underscore-min.js" server="ftp.artmex.be//" local="3475225056" remote="7770262876" Dst="-1" /></dwsync>