<?xml version="1.0" encoding="utf-8" ?><dwsync><file name="0.wav" server="ftp.artmex.be//" local="3475225057" remote="7770262876" Dst="-1" /><file name="1.wav" server="ftp.artmex.be//" local="3475225057" remote="-4611699587048747684" Dst="-1" /><file name="10.wav" server="ftp.artmex.be//" local="3475225057" remote="-4611699587048747684" Dst="-1" /><file name="11.wav" server="ftp.artmex.be//" local="3475225057" remote="-4611699587048747684" Dst="-1" /><file name="12.wav" server="ftp.artmex.be//" local="3475225058" remote="-4611699587048747684" Dst="-1" /><file name="13.wav" server="ftp.artmex.be//" local="3475225058" remote="-4611699587048747684" Dst="-1" /><file name="14.wav" server="ftp.artmex.be//" local="3475225058" remote="-4611699587048747684" Dst="-1" /><file name="15.wav" server="ftp.artmex.be//" local="3475225058" remote="-4611699587048747684" Dst="-1" /><file name="16.wav" server="ftp.artmex.be//" local="3475225058" remote="-4611699587048747684" Dst="-1" /><file name="17.wav" server="ftp.artmex.be//" local="3475225058" remote="-4611699587048747684" Dst="-1" /><file name="18.wav" server="ftp.artmex.be//" local="3475225058" remote="-4611699587048747684" Dst="-1" /><file name="19.wav" server="ftp.artmex.be//" local="3475225059" remote="-4611699587048747684" Dst="-1" /><file name="2.wav" server="ftp.artmex.be//" local="3475225059" remote="-4611699587048747684" Dst="-1" /><file name="20.wav" server="ftp.artmex.be//" local="3475225059" remote="-4611699587048747684" Dst="-1" /><file name="3.wav" server="ftp.artmex.be//" local="3475225059" remote="-4611699587048747684" Dst="-1" /><file name="4.wav" server="ftp.artmex.be//" local="3475225059" remote="-4611699587048747684" Dst="-1" /><file name="5.wav" server="ftp.artmex.be//" local="3475225059" remote="-4611699587048747684" Dst="-1" /><file name="6.wav" server="ftp.artmex.be//" local="3475225059" remote="-4611699587048747684" Dst="-1" /><file name="7.wav" server="ftp.artmex.be//" local="3475225060" remote="-4611699587048747624" Dst="-1" /><file name="8.wav" server="ftp.artmex.be//" local="3475225060" remote="-4611699587048747624" Dst="-1" /><file name="9.wav" server="ftp.artmex.be//" local="3475225060" remote="-4611699587048747624" Dst="-1" /><file name="A.wav" server="ftp.artmex.be//" local="3475225060" remote="7770262936" Dst="-1" /><file name="B.wav" server="ftp.artmex.be//" local="3475225060" remote="7770262996" Dst="-1" /><file name="C.wav" server="ftp.artmex.be//" local="3475225060" remote="-4611699587048747624" Dst="-1" /><file name="D.wav" server="ftp.artmex.be//" local="3475225061" remote="-4611699587048747624" Dst="-1" /><file name="E.wav" server="ftp.artmex.be//" local="3475225061" remote="-4611699587048747624" Dst="-1" /><file name="F.wav" server="ftp.artmex.be//" local="3475225061" remote="-4611699587048747624" Dst="-1" /><file name="G.wav" server="ftp.artmex.be//" local="3475225061" remote="-4611699587048747624" Dst="-1" /><file name="H.wav" server="ftp.artmex.be//" local="3475225061" remote="-4611699587048747624" Dst="-1" /><file name="I.wav" server="ftp.artmex.be//" local="3475225061" remote="-4611699587048747624" Dst="-1" /><file name="J.wav" server="ftp.artmex.be//" local="3475225061" remote="-4611699587048747624" Dst="-1" /><file name="K.wav" server="ftp.artmex.be//" local="3475225062" remote="-4611699587048747624" Dst="-1" /><file name="L.wav" server="ftp.artmex.be//" local="3475225062" remote="-4611699587048747624" Dst="-1" /><file name="M.wav" server="ftp.artmex.be//" local="3475225062" remote="-4611699587048747624" Dst="-1" /><file name="MINUS.wav" server="ftp.artmex.be//" local="3475225062" remote="-4611699587048747624" Dst="-1" /><file name="N.wav" server="ftp.artmex.be//" local="3475225062" remote="-4611699587048747624" Dst="-1" /><file name="O.wav" server="ftp.artmex.be//" local="3475225062" remote="-4611699587048747624" Dst="-1" /><file name="PLUS.wav" server="ftp.artmex.be//" local="3475225062" remote="-4611699587048747624" Dst="-1" /><file name="P.wav" server="ftp.artmex.be//" local="3475225062" remote="-4611699587048747624" Dst="-1" /><file name="Q.wav" server="ftp.artmex.be//" local="3475225063" remote="-4611699587048747624" Dst="-1" /><file name="R.wav" server="ftp.artmex.be//" local="3475225063" remote="-4611699587048747624" Dst="-1" /><file name="S.wav" server="ftp.artmex.be//" local="3475225063" remote="-4611699587048747624" Dst="-1" /><file name="T.wav" server="ftp.artmex.be//" local="3475225063" remote="-4611699587048747624" Dst="-1" /><file name="TIMES.wav" server="ftp.artmex.be//" local="3475225063" remote="-4611699587048747624" Dst="-1" /><file name="U.wav" server="ftp.artmex.be//" local="3475225063" remote="-4611699587048747624" Dst="-1" /><file name="V.wav" server="ftp.artmex.be//" local="3475225064" remote="-4611699587048747624" Dst="-1" /><file name="W.wav" server="ftp.artmex.be//" local="3475225064" remote="-4611699587048747624" Dst="-1" /><file name="X.wav" server="ftp.artmex.be//" local="3475225064" remote="-4611699587048747624" Dst="-1" /><file name="Y.wav" server="ftp.artmex.be//" local="3475225064" remote="-4611699587048747624" Dst="-1" /><file name="Z.wav" server="ftp.artmex.be//" local="3475225064" remote="-4611699587048747624" Dst="-1" /><file name="error.wav" server="ftp.artmex.be//" local="3475225065" remote="-4611699587048747624" Dst="-1" /></dwsync>