<?xml version="1.0" encoding="utf-8" ?><dwsync><file name="Bold.otf" server="ftp.artmex.be//" local="3475225046" remote="7770262876" Dst="-1" /><file name="Light.otf" server="ftp.artmex.be//" local="3475225046" remote="-4611699587048747684" Dst="-1" /><file name="FontAwesome.otf" server="ftp.artmex.be//" local="3475225046" remote="-4611699587048747684" Dst="-1" /><file name="fontawesome-webfont.eot" server="ftp.artmex.be//" local="3475225047" remote="-4611699587048747684" Dst="-1" /><file name="fontawesome-webfont.ttf" server="ftp.artmex.be//" local="3475225047" remote="-4611699587048747684" Dst="-1" /><file name="fontawesome-webfont.svg" server="ftp.artmex.be//" local="3475225047" remote="-4611699587048747684" Dst="-1" /><file name="glyphicons-halflings-regular.eot" server="ftp.artmex.be//" local="3475225047" remote="-4611699587048747684" Dst="-1" /><file name="fontawesome-webfont.woff" server="ftp.artmex.be//" local="3475225047" remote="-4611699587048747684" Dst="-1" /><file name="glyphicons-halflings-regular.ttf" server="ftp.artmex.be//" local="3475225048" remote="-4611699587048747684" Dst="-1" /><file name="glyphicons-halflings-regular.woff" server="ftp.artmex.be//" local="3475225048" remote="-4611699587048747684" Dst="-1" /><file name="glyphicons-halflings-regular.svg" server="ftp.artmex.be//" local="3475225048" remote="-4611699587048747684" Dst="-1" /></dwsync>