<?xml version="1.0" encoding="utf-8" ?><dwsync><file name="securimage_show.php" server="ftp.artmex.be//" local="3475225081" remote="-4611699587048747624" Dst="-1" /><file name="LICENSE.txt" server="ftp.artmex.be//" local="3475225056" remote="7770262936" Dst="-1" /><file name="README.FONT.txt" server="ftp.artmex.be//" local="3475225057" remote="-4611699587048747624" Dst="-1" /><file name="README.txt" server="ftp.artmex.be//" local="3475225057" remote="-4611699587048747624" Dst="-1" /><file name="AHGBold.ttf" server="ftp.artmex.be//" local="3475225057" remote="7770262876" Dst="-1" /><file name="WavFile.php" server="ftp.artmex.be//" local="3475225057" remote="-4611699587048747624" Dst="-1" /><file name="captcha.html" server="ftp.artmex.be//" local="3475225079" remote="7770262936" Dst="-1" /><file name="example_form.ajax.php" server="ftp.artmex.be//" local="3475225080" remote="7770262936" Dst="-1" /><file name="example_form.php" server="ftp.artmex.be//" local="3475225080" remote="-4611699587048747624" Dst="-1" /><file name="securimage.php" server="ftp.artmex.be//" local="3475225081" remote="-4611699587048747624" Dst="-1" /><file name="securimage_play.php" server="ftp.artmex.be//" local="3475225081" remote="-4611699587048747624" Dst="-1" /><file name="securimage_play.swf" server="ftp.artmex.be//" local="3475225081" remote="-4611699587048747624" Dst="-1" /></dwsync>