<?xml version="1.0" encoding="utf-8" ?><dwsync><file name="home.php" server="ftp.artmex.be//" local="3475338835" remote="3475335180" Dst="-1" /><file name="index.html" server="ftp.artmex.be//" local="3475225014" remote="-4611699587048747744" Dst="-1" /><file name="unit.php" server="ftp.artmex.be//" local="3475330638" remote="-4611714155577784336" Dst="-1" /><file name=".DS_Store" server="ftp.artmex.be//" local="3475319833" remote="-4611698624976052680" Dst="-1" /><file name="auth.php" server="ftp.artmex.be//" local="3475246966" remote="-4611699587048747744" Dst="-1" /><file name="contact.php" server="ftp.artmex.be//" local="3475348087" remote="3475344480" Dst="-1" /><file name="evenementen.php" server="ftp.artmex.be//" local="3475330637" remote="-4611714155577785356" Dst="-1" /><file name="forum.php" server="ftp.artmex.be//" local="3475345951" remote="3475342320" Dst="-1" /><file name="fotos.php" server="ftp.artmex.be//" local="3475329591" remote="3475325940" Dst="-1" /><file name="overons.php" server="ftp.artmex.be//" local="3475330638" remote="-4611714155577784516" Dst="-1" /><file name="beheer.php" server="ftp.artmex.be//" local="3475331407" remote="3475327800" Dst="-1" /><file name="parent.php" server="ftp.artmex.be//" local="3475225015" remote="-4611699587048747744" Dst="-1" /><file name="profiel.php" server="ftp.artmex.be//" local="3475344512" remote="3475340880" Dst="-1" /><file name="zoek.php" server="ftp.artmex.be//" local="3475337554" remote="3475333920" Dst="-1" /></dwsync>