<?xml version="1.0" encoding="utf-8" ?><dwsync><file name="array.class.php" server="ftp.artmex.be//" local="3475225028" remote="7770262816" Dst="-1" /><file name="complextype.class.php" server="ftp.artmex.be//" local="3475225028" remote="-4611699587048747744" Dst="-1" /><file name="batchrequest.class.php" server="ftp.artmex.be//" local="3475225028" remote="-4611699587048747744" Dst="-1" /><file name="credential.class.php" server="ftp.artmex.be//" local="3475225028" remote="-4611699587048747744" Dst="-1" /><file name="gzipdecode.class.php" server="ftp.artmex.be//" local="3475225029" remote="-4611699587048747684" Dst="-1" /><file name="credentials.class.php" server="ftp.artmex.be//" local="3475225029" remote="-4611699587048747684" Dst="-1" /><file name="hadoopbase.class.php" server="ftp.artmex.be//" local="3475225029" remote="-4611699587048747684" Dst="-1" /><file name="hadoopbootstrap.class.php" server="ftp.artmex.be//" local="3475225029" remote="-4611699587048747684" Dst="-1" /><file name="hadoopstep.class.php" server="ftp.artmex.be//" local="3475225029" remote="-4611699587048747684" Dst="-1" /><file name="json.class.php" server="ftp.artmex.be//" local="3475225029" remote="-4611699587048747684" Dst="-1" /><file name="info.class.php" server="ftp.artmex.be//" local="3475225029" remote="-4611699587048747684" Dst="-1" /><file name="mimetypes.class.php" server="ftp.artmex.be//" local="3475225030" remote="-4611699587048747684" Dst="-1" /><file name="manifest.class.php" server="ftp.artmex.be//" local="3475225030" remote="-4611699587048747684" Dst="-1" /><file name="policy.class.php" server="ftp.artmex.be//" local="3475225030" remote="-4611699587048747684" Dst="-1" /><file name="request.class.php" server="ftp.artmex.be//" local="3475225030" remote="-4611699587048747684" Dst="-1" /><file name="response.class.php" server="ftp.artmex.be//" local="3475225030" remote="-4611699587048747684" Dst="-1" /><file name="simplexml.class.php" server="ftp.artmex.be//" local="3475225030" remote="-4611699587048747684" Dst="-1" /><file name="stacktemplate.class.php" server="ftp.artmex.be//" local="3475225030" remote="-4611699587048747684" Dst="-1" /><file name="stepconfig.class.php" server="ftp.artmex.be//" local="3475225030" remote="-4611699587048747684" Dst="-1" /><file name="utilities.class.php" server="ftp.artmex.be//" local="3475225031" remote="-4611699587048747684" Dst="-1" /></dwsync>