<?xml version="1.0" encoding="utf-8" ?><dwsync><file name="cloudformation.class.php" server="ftp.artmex.be//" local="3475225024" remote="-4611699587048747744" Dst="-1" /><file name="as.class.php" server="ftp.artmex.be//" local="3475225025" remote="7770262816" Dst="-1" /><file name="cloudfront.class.php" server="ftp.artmex.be//" local="3475225025" remote="7770262816" Dst="-1" /><file name="cloudwatch.class.php" server="ftp.artmex.be//" local="3475225025" remote="-4611699587048747744" Dst="-1" /><file name="elasticache.class.php" server="ftp.artmex.be//" local="3475225025" remote="-4611699587048747744" Dst="-1" /><file name="ec2.class.php" server="ftp.artmex.be//" local="3475225026" remote="-4611699587048747744" Dst="-1" /><file name="elasticbeanstalk.class.php" server="ftp.artmex.be//" local="3475225026" remote="-4611699587048747744" Dst="-1" /><file name="emr.class.php" server="ftp.artmex.be//" local="3475225026" remote="-4611699587048747744" Dst="-1" /><file name="elb.class.php" server="ftp.artmex.be//" local="3475225026" remote="-4611699587048747744" Dst="-1" /><file name="iam.class.php" server="ftp.artmex.be//" local="3475225027" remote="-4611699587048747744" Dst="-1" /><file name="importexport.class.php" server="ftp.artmex.be//" local="3475225027" remote="-4611699587048747744" Dst="-1" /><file name="rds.class.php" server="ftp.artmex.be//" local="3475225027" remote="-4611699587048747744" Dst="-1" /><file name="s3.class.php" server="ftp.artmex.be//" local="3475225027" remote="-4611699587048747744" Dst="-1" /><file name="sdb.class.php" server="ftp.artmex.be//" local="3475225028" remote="-4611699587048747744" Dst="-1" /><file name="ses.class.php" server="ftp.artmex.be//" local="3475225028" remote="-4611699587048747744" Dst="-1" /><file name="sns.class.php" server="ftp.artmex.be//" local="3475225028" remote="-4611699587048747744" Dst="-1" /><file name="sts.class.php" server="ftp.artmex.be//" local="3475225028" remote="-4611699587048747744" Dst="-1" /><file name="sqs.class.php" server="ftp.artmex.be//" local="3475225028" remote="-4611699587048747744" Dst="-1" /></dwsync>