<?xml version="1.0" encoding="utf-8" ?><dwsync><file name="index.html" server="ftp.artmex.be//" local="3475225035" remote="-4611699587048747684" Dst="-1" /><file name="unit_model.php" server="ftp.artmex.be//" local="3475336858" remote="-4611702267108304748" Dst="-1" /><file name=".DS_Store" server="ftp.artmex.be//" local="3475225035" remote="7770262876" Dst="-1" /><file name="ion_auth_model.php" server="ftp.artmex.be//" local="3475344844" remote="3475341240" Dst="-1" /><file name="leden.php" server="ftp.artmex.be//" local="3475336857" remote="-4611702267108304868" Dst="-1" /><file name="parentmodel.php" server="ftp.artmex.be//" local="3475225037" remote="-4611699587048747684" Dst="-1" /><file name="profiel_info.php" server="ftp.artmex.be//" local="3475344832" remote="3475341180" Dst="-1" /><file name="forum_model.php" server="ftp.artmex.be//" local="3475340699" remote="3475337040" Dst="-1" /><file name="zoek_model.php" server="ftp.artmex.be//" local="3475337744" remote="3475334100" Dst="-1" /><file name="forum.php" server="ftp.artmex.be//" local="3475336925" remote="-4611713537102489812" Dst="-1" /><file name="profiel.php" server="ftp.artmex.be//" local="3475333544" remote="-4611699243451362024" Dst="-1" /></dwsync>